<?xml version="1.0" encoding="UTF-8" standalone="yes"?>
<manifest>
  <control namespace="RegExValidatorNS" constructor="RegExValidator" version="0.0.1" display-name-key="RegExValidator" description-key="RegExValidator description" control-type="virtual" api-version="1.3.15">
    <external-service-usage enabled="false"/>
    <property name="LabelText" display-name-key="LabelText" description-key="LabelText_Desc" of-type="SingleLine.Text" usage="bound" required="true"/>
    <property name="RegEx" display-name-key="RegEx" description-key="RegEx_Desc" of-type="SingleLine.Text" usage="bound" required="true"/>
    <property name="RegExValidatorOutput" display-name-key="RegExValidatorOutput" description-key="RegExValidatorOutput_Desc" of-type="SingleLine.Text" usage="output" required="true"/>
    <resources>
      <code path="bundle.js" order="1"/>
      <platform-library name="React" version="16.14.0"/>
      <platform-library name="Fluent" version="9.46.2"/>
    </resources>
    <feature-usage/>
    <built-by name="pac" version="1.38.3"/>
  </control>
</manifest>